prose,poem
"Shall I, in my contemplation, truly compare thee to the fleeting beauty of a summer's day?",Shall I compare thee to a summer's day?
For thou art more lovely and more temperate than any transient thing nature can offer:,Thou art more lovely and more temperate:
"The rough winds do shake and disturb the darling buds of May with indifferent force,","Rough winds do shake the darling buds of May,"
"And summer's lease upon this world hath all too short a date, ending before we are prepared;",And summer's lease hath all too short a date;
"Sometime too hot and unrelenting the eye of heaven shines down upon us,","Sometime too hot the eye of heaven shines,"
And often is his gold complexion dimmed by the obscuring veil of clouds;,And often is his gold complexion dimmed;
"And every fair thing from its fair essence sometime declines into shadow,","And every fair from fair sometime declines,"
By chance or by nature's changing course left untrimmed and unguided;,By chance or nature's changing course untrimmed;
"But thy eternal summer, unlike all others, shall not fade into oblivion,","But thy eternal summer shall not fade,"
Nor shall thy being lose possession of that fair beauty thou ow'st to existence;,Nor lose possession of that fair thou ow'st;
"Nor shall death brag that thou wander'st helplessly in his cold shade,","Nor shall death brag thou wander'st in his shade,"
When in these eternal lines of verse thou grow'st bound to time itself:,When in eternal lines to time thou grow'st:
"So long as men can breathe the air of life or eyes can see the world,","So long as men can breathe or eyes can see,"
"So long lives this verse, and this enduring verse gives life to thee.","So long lives this, and this gives life to thee."
"Remember me, I implore thee, when I am gone away from this mortal world,","Remember me when I am gone away,"
Gone far away into the silent land of eternal stillness and absence;,Gone far away into the silent land;
"When you can no more hold me by the hand as you once did,","When you can no more hold me by the hand,"
Nor I half turn to go yet turning stay suspended between departure and presence.,Nor I half turn to go yet turning stay.
Remember me when no more day by day the rhythm of life brings us together,Remember me when no more day by day
And you tell me of our future and the life together that you plann'd:,You tell me of our future that you plann'd:
Only remember me in your quiet moments; you understand the weight of this,Only remember me; you understand
It will be late and futile to counsel then or pray for what cannot return.,It will be late to counsel then or pray.
Yet if you should forget me for a while in the necessary current of living,Yet if you should forget me for a while
"And afterwards remember my existence, do not grieve with unnecessary sorrow:","And afterwards remember, do not grieve:"
For if the darkness and corruption of time leave behind,For if the darkness and corruption leave
"A vestige, however faint, of the thoughts that once I had in living,","A vestige of the thoughts that once I had,"
Better by far that you should forget and smile at the world,Better by far you should forget and smile
Than that you should remember my absence and be sad with prolonged mourning.,Than that you should remember and be sad.
Let me not stand as obstacle to the marriage of true minds,Let me not to the marriage of true minds
And admit impediments to their union; for love is not love,Admit impediments; love is not love
"Which alters its nature when it alteration finds in circumstance,","Which alters when it alteration finds,"
"Or bends with the remover, yielding, to remove itself from difficulty.",Or bends with the remover to remove.
"O no, it is an ever-fixèd mark standing in the cosmos","O no, it is an ever-fixèd mark"
That looks on tempests and the violence of existence and is never shaken;,That looks on tempests and is never shaken;
It is the guiding star to every wandering bark adrift at sea,It is the star to every wandering bark
"Whose worth's unknown to human measure, although his height be taken by instruments.","Whose worth's unknown, although his height be taken."
"Love's not time's fool nor its servant, though rosy lips and cheeks","Love's not time's fool, though rosy lips and cheeks"
Must within his bending sickle's compass come to inevitable decay.,Within his bending sickle's compass come.
"Love alters not its fundamental nature with his brief hours and weeks,","Love alters not with his brief hours and weeks,"
But bears it out with endurance even to the very edge of doom:,But bears it out even to the edge of doom:
"If this be error in my understanding and upon me proved by truth,","If this be error and upon me proved,"
"Then I never writ a word of meaning, nor no man ever truly loved.","I never writ, nor no man ever loved."
When I see birches bend to left and right under the weight of existence,When I see birches bend to left and right
"Across the lines of straighter darker trees that stand without yielding,","Across the lines of straighter darker trees,"
I like to think some boy's been swinging them in innocent abandon.,I like to think some boy's been swinging them.
But swinging doesn't bend them down to stay in permanent submission,But swinging doesn't bend them down to stay
As ice-storms do with cold authority. Often you must have seen them,As ice-storms do. Often you must have seen them
"Loaded with ice on a sunny winter morning, burdened yet illuminated,",Loaded with ice a sunny winter morning
After a rain has passed. They click upon themselves in hollow percussion,After a rain. They click upon themselves
"As the breeze rises with quiet insistence, and turn many-colored","As the breeze rises, and turn many-colored"
As the stir of wind cracks and crazes their enamel with inevitable force.,As the stir cracks and crazes their enamel.
"Soon the sun's warmth, that indifferent force, makes them shed crystal shells",Soon the sun's warmth makes them shed crystal shells
Shattering and avalanching in cascades on the snow-crust below—,Shattering and avalanching on the snow-crust—
Such heaps of broken glass and ruin to sweep away from the earth,Such heaps of broken glass to sweep away
You'd think the inner dome of heaven itself had fallen to the ground.,You'd think the inner dome of heaven had fallen.
"They are dragged down to the withered bracken by the load of what they carry,","They are dragged to the withered bracken by the load,"
And they seem not to break under pressure; though once they are bowed,And they seem not to break; though once they are bowed
"So low for so long, they never right themselves to former grace:","So low for long, they never right themselves:"
You may see their trunks arching in quiet resignation in the woods,You may see their trunks arching in the woods
"Years afterwards, still trailing their leaves on the ground in surrender","Years afterwards, trailing their leaves on the ground"
Like girls on hands and knees that throw their hair forward,Like girls on hands and knees that throw their hair
Before them over their heads to dry in the indifferent warmth of the sun.,Before them over their heads to dry in the sun.
But I was going to say something deeper when Truth broke in,But I was going to say when Truth broke in
With all her matter-of-fact authority about the ice-storm,With all her matter-of-fact about the ice-storm
I should prefer to have some boy bend them through the will of play,I should prefer to have some boy bend them
As he went out and in through the rhythms of labor to fetch the cows—,As he went out and in to fetch the cows—
"Some boy too far from town and its conventions to learn baseball,","Some boy too far from town to learn baseball,"
"Whose only play was what he found himself in solitude,","Whose only play was what he found himself,"
"Summer or winter alike, and could play alone without need of others.","Summer or winter, and could play alone."
One by one he subdued his father's trees through patient persistence,One by one he subdued his father's trees
By riding them down over and over again in repeated acts of will,By riding them down over and over again
"Until he took the stiffness out of them through determined effort,","Until he took the stiffness out of them,"
"And not one but hung limp in surrender, not one was left standing","And not one but hung limp, not one was left"
For him to conquer. He learned all there was to know,For him to conquer. He learned all there was
To learn about not launching out too soon into the unknown,To learn about not launching out too soon
And so not carrying the tree away beyond the point of return,And so not carrying the tree away
Clear to the ground. He always kept his poise with deliberate grace,Clear to the ground. He always kept his poise
"To the very top branches, climbing carefully with philosophical patience","To the top branches, climbing carefully"
With the same pains and deliberate attention you use to fill a cup,With the same pains you use to fill a cup
"Up to the brim of its capacity, and even above the brim.","Up to the brim, and even above the brim."
"Then he flung outward into the void, feet first, with a swish,","Then he flung outward, feet first, with a swish,"
Kicking his way down through the resistant air to the waiting ground.,Kicking his way down through the air to the ground.
So was I once myself a swinger of birches in younger days.,So was I once myself a swinger of birches.
And so I dream of going back to be that free spirit once more.,And so I dream of going back to be.
"It's when I'm weary of endless considerations and their burden,","It's when I'm weary of considerations,"
And life is too much like a pathless wood without direction or meaning,And life is too much like a pathless wood
Where your face burns and tickles with the invisible cobwebs,Where your face burns and tickles with the cobwebs
"Broken across it by passage, and one eye is weeping involuntarily","Broken across it, and one eye is weeping"
From a twig's having lashed across it open without warning.,From a twig's having lashed across it open.
I'd like to get away from earth awhile and its accumulated weight,I'd like to get away from earth awhile
And then come back to it renewed and begin over with clarity.,And then come back to it and begin over.
May no fate willfully misunderstand me in its cold administration,May no fate willfully misunderstand me
And half grant what I wish yet snatch me away before completion,And half grant what I wish and snatch me away
Not to return. Earth's the right place for love and its unfolding:,Not to return. Earth's the right place for love:
I don't know where it's likely to go better than here on earth.,I don't know where it's likely to go better.
"I'd like to go by climbing a birch tree toward understanding,","I'd like to go by climbing a birch tree,"
And climb black branches reaching up a snow-white trunk toward light,And climb black branches up a snow-white trunk
"Toward heaven and its abstraction, till the tree could bear no more weight,","Toward heaven, till the tree could bear no more,"
But dipped its top in gentle arc and set me down again on earth.,But dipped its top and set me down again.
That would be good and sufficient both going upward and coming back.,That would be good both going and coming back.
One could do considerably worse in this life than be a swinger of birches.,One could do worse than be a swinger of birches.
"Something fundamental there is in existence that doesn't love a wall,","Something there is that doesn't love a wall,"
"That sends the frozen-ground-swell of resistance under it,","That sends the frozen-ground-swell under it,"
And spills the upper boulders out in the open sun;,And spills the upper boulders in the sun;
And makes gaps in the structure even two can pass abreast through.,And makes gaps even two can pass abreast.
The work of hunters in their pursuit is another thing entirely:,The work of hunters is another thing:
I have come after them in their wake and made repair to the damage,I have come after them and made repair
"Where they have left not one stone resting on a stone,","Where they have left not one stone on a stone,"
"But they would have the rabbit forced out of hiding,","But they would have the rabbit out of hiding,"
"To please the yelping dogs of appetite. The gaps I mean,","To please the yelping dogs. The gaps I mean,"
"No one has seen them made or heard them made by any hand,","No one has seen them made or heard them made,"
But at spring mending-time we find them there waiting.,But at spring mending-time we find them there.
I let my neighbor know of this beyond the hill;,I let my neighbor know beyond the hill;
And on a day appointed we meet to walk the line together,And on a day we meet to walk the line
And set the wall between us once again in its proper place.,And set the wall between us once again.
We keep the wall between us as a necessary division as we go.,We keep the wall between us as we go.
To each of us the boulders that have fallen to each by circumstance.,To each the boulders that have fallen to each.
And some are loaves in their shape and some so nearly balls,And some are loaves and some so nearly balls
We have to use a kind of spell and careful art to make them balance:,We have to use a spell to make them balance:
We say: 'Stay where you are in your place until our backs are turned!','Stay where you are until our backs are turned!'
We wear our fingers rough and worn with the labor of handling them.,We wear our fingers rough with handling them.
"Oh, it is just another kind of out-door game we play,","Oh, just another kind of out-door game,"
One on a side in our division. It comes to little more than ritual:,One on a side. It comes to little more:
There where it is between us we do not need the wall:,There where it is we do not need the wall:
He is all pine in his nature and I am apple orchard in mine.,He is all pine and I am apple orchard.
My apple trees will never get across the boundary between us,My apple trees will never get across
"And eat the cones lying under his pines, I tell him plainly.","And eat the cones under his pines, I tell him."
"He only says without reflection, 'Good fences make good neighbors.'","He only says, 'Good fences make good neighbors.'"
"Spring is the mischief and questioning spirit in me, and I wonder","Spring is the mischief in me, and I wonder"
If I could put a deeper notion in his unquestioning head:,If I could put a notion in his head:
'Why do they make good neighbors in truth? Isn't it only,'Why do they make good neighbors? Isn't it
Where there are cows to contain? But here there are no cows.,Where there are cows? But here there are no cows.
Before I built a wall I'd ask to know with certainty,Before I built a wall I'd ask to know
"What I was walling in or walling out from my existence,","What I was walling in or walling out,"
And to whom I was like to give offense by such an act.,And to whom I was like to give offense.
"Something essential there is in the nature of things that doesn't love a wall,","Something there is that doesn't love a wall,"
"That wants it down into ruin.' I could say 'Elves' to him as explanation,","That wants it down.' I could say 'Elves' to him,"
"But it's not elves exactly that I mean, and I'd rather","But it's not elves exactly, and I'd rather"
He said it for himself through his own reflection. I see him there,He said it for himself. I see him there
Bringing a stone grasped firmly and deliberately by the top,Bringing a stone grasped firmly by the top
"In each hand, like an old-stone savage armed against the unknown.","In each hand, like an old-stone savage armed."
"He moves in darkness and unknowing as it seems to me,","He moves in darkness as it seems to me,"
Not of woods only and the mere shade of trees.,Not of woods only and the shade of trees.
"He will not go behind his father's saying to question its foundation,","He will not go behind his father's saying,"
And he likes having thought of it so well in his certainty,And he likes having thought of it so well
"He says again with satisfaction, 'Good fences make good neighbors.'","He says again, 'Good fences make good neighbors.'"
I have been one deeply acquainted with the night and its philosophy.,I have been one acquainted with the night.
I have walked out in rain and returned back in rain without shelter.,I have walked out in rain—and back in rain.
I have outwalked even the furthest city light into deeper darkness.,I have outwalked the furthest city light.
I have looked down the saddest city lane with unflinching contemplation.,I have looked down the saddest city lane.
I have passed by the watchman standing on his beat in the darkness,I have passed by the watchman on his beat
"And dropped my eyes downward, unwilling to explain my wandering.","And dropped my eyes, unwilling to explain."
I have stood still in the darkness and stopped the sound of feet,I have stood still and stopped the sound of feet
When far away in the distance an interrupted cry of existence,When far away an interrupted cry
"Came over the houses from another street in the night,","Came over houses from another street,"
But not to call me back to warmth or say good-bye to sorrow;,But not to call me back or say good-bye;
"And further still above at an unearthly height of abstraction,","And further still at an unearthly height,"
One luminary clock standing against the indifferent sky,One luminary clock against the sky
Proclaimed with authority that the time was neither wrong nor right.,Proclaimed the time was neither wrong nor right.
I have been one who is deeply acquainted with the night and its silences.,I have been one acquainted with the night.
